{
    "normals":[-0.987859,-0.155167,-0.00757732,0.107732,-0.138564,-0.984477,0.985544,-0.165827,-0.0347018,0.0774716,-0.078365,0.99391,-6.99371e-05,-1,0.000218396,0.00256502,0.999978,-0.00615992,-0.000157649,-0.00416062,0.999991,0.999998,0.00175828,1.36859e-05,1.47304e-05,0.00412633,-0.999991,-0.999999,-0.00167848,4.44524e-05,-0.000130298,0.00210449,0.999998,1,-0.000880096,-1.24956e-05,5.04924e-05,-0.00207929,-0.999998,-1,0.000839818,4.38562e-05,0.0779683,0.124634,0.989135,0.97221,0.231108,-0.0373767,0.110201,0.182237,-0.977059,-0.975367,0.220412,-0.00876909],
    "vertices":[-0.9899,0.0087729,0.987989,-0.985748,4.70888,0.978098,-0.989983,0.00834817,-1.01182,-0.985896,4.69686,-1.02184,1.00999,0.00864511,0.988248,1.01453,4.70404,0.977301,1.01006,0.00819626,-1.01192,1.01427,4.69143,-1.02237,-0.992038,1.28598,0.993247,-0.992122,1.27973,-1.0067,1.00779,1.27695,-1.00656,1.00779,1.28347,0.993607,-0.991132,2.35483,0.991092,-0.991236,2.34569,-1.00888,1.00869,2.34159,-1.00881,1.00876,2.35115,0.991266,-0.786849,3.33045,1.00941,-0.753332,3.32699,-1.02376,0.721057,3.29791,-0.638147,0.844117,3.31441,0.725519],
    "faces":[35,16,1,3,17,0,0,0,0,0,35,17,3,7,18,0,1,1,1,1,35,18,7,5,19,0,2,2,2,2,35,19,5,1,16,0,3,3,3,3,35,4,0,2,6,0,4,4,4,4,35,7,3,1,5,0,5,5,5,5,35,8,0,4,11,0,6,6,6,6,35,6,10,11,4,0,7,7,7,7,35,2,9,10,6,0,8,8,8,8,35,0,8,9,2,0,9,9,9,9,35,11,15,12,8,0,10,10,10,10,35,10,14,15,11,0,11,11,11,11,35,9,13,14,10,0,12,12,12,12,35,8,12,13,9,0,13,13,13,13,35,15,19,16,12,0,14,14,14,14,35,14,18,19,15,0,15,15,15,15,35,13,17,18,14,0,16,16,16,16,35,12,16,17,13,0,17,17,17,17],
    "uvs":[],
    "skinWeights":[0.960717,0.028566,0.931653,0.0683466,0.956041,0.0379183,0.929219,0.0707808,0.954158,0.041684,0.980996,0,0.958442,0.0331157,0.96094,0.0281209,0.514532,0.48011,0.513411,0.483569,0.497028,0.493282,0.51134,0.477079,0.705882,0.291439,0.706394,0.292096,0.728984,0.260701,0.746168,0.23854,0.818768,0.179893,0.817807,0.181438,0.844962,0.144411,0.863582,0.11927],
    "influencesPerVertex":2,
    "metadata":{
        "normals":18,
        "vertices":20,
        "type":"Geometry",
        "faces":18,
        "version":3,
        "uvs":0,
        "generator":"io_three",
        "materials":1,
        "bones":4
    },
    "materials":[{
        "visible":true,
        "colorDiffuse":[0.40344,0.0745428,0.64],
        "colorEmissive":[0,0,0],
        "opacity":1,
        "specularCoef":50,
        "DbgIndex":0,
        "transparent":false,
        "doubleSided":false,
        "depthWrite":true,
        "blending":"NormalBlending",
        "wireframe":false,
        "DbgColor":15658734,
        "colorSpecular":[0.5,0.0834783,0.221621],
        "DbgName":"purple",
        "shading":"phong",
        "depthTest":true
    }],
    "skinIndices":[0,3,3,0,0,3,3,0,0,3,3,0,0,3,3,0,0,3,0,3,3,0,3,0,3,0,3,0,3,0,3,0,3,0,3,0,3,0,3,0],
    "bones":[{
        "name":"Bone",
        "pos":[0,0,-0],
        "parent":-1,
        "rotq":[0,0,0,1]
    },{
        "name":"Bone.001",
        "pos":[0,1,-0],
        "parent":0,
        "rotq":[0,0,0,1]
    },{
        "name":"Bone.002",
        "pos":[-0.0122637,1.02771,0.129348],
        "parent":1,
        "rotq":[0,0,0,1]
    },{
        "name":"Bone.003",
        "pos":[0.0114314,1.12257,0.137864],
        "parent":2,
        "rotq":[0,0,0,1]
    }]
}