{"data" : [
   {
      "head":{
         "start":{
            "x":0,
            "y":0,
            "z":0
         },
         "end":{
            "x":0,
            "y":0,
            "z":0
         }
      },
      "left_bone_0":{
         "start":{
            "x":0,
            "y":-0.135,
            "z":0
         },
         "end":{
            "x":-0.19611613513818404,
            "y":-0.135,
            "z":-0.03922322702763681
         }
      },
      "left_bone_1":{
         "start":{
            "x":-0.19611613513818404,
            "y":-0.135,
            "z":-0.03922322702763681
         },
         "end":{
            "x":-0.42086352270581234,
            "y":-0.18023237462303823,
            "z":0.031788349968563584
         }
      },
      "left_bone_2":{
         "start":{
            "x":-0.42086352270581234,
            "y":-0.18023237462303823,
            "z":0.031788349968563584
         },
         "end":{
            "x":-0.6453479895665627,
            "y":-0.22729170545534658,
            "z":0.10244345254340129
         }
      },
      "left_bone_3":{
         "start":{
            "x":-0.6453479895665627,
            "y":-0.22729170545534658,
            "z":0.10244345254340129
         },
         "end":{
            "x":-0.6921143363116158,
            "y":-0.23709627932816185,
            "z":0.11716687413262776
         }
      },
      "right_bone_0":{
         "start":{
            "x":0,
            "y":-0.135,
            "z":0
         },
         "end":{
            "x":0.19611613513818404,
            "y":-0.135,
            "z":-0.03922322702763681
         }
      },
      "right_bone_1":{
         "start":{
            "x":0.19611613513818404,
            "y":-0.135,
            "z":-0.03922322702763681
         },
         "end":{
            "x":0.4358672558026232,
            "y":-0.14046342489994149,
            "z":-0.048686372831678634
         }
      },
      "right_bone_2":{
         "start":{
            "x":0.4358672558026232,
            "y":-0.14046342489994149,
            "z":-0.048686372831678634
         },
         "end":{
            "x":0.6756841079679374,
            "y":-0.14111450313112567,
            "z":-0.05803803122245145
         }
      },
      "right_bone_3":{
         "start":{
            "x":0.6756841079679374,
            "y":-0.14111450313112567,
            "z":-0.05803803122245145
         },
         "end":{
            "x":0.7256447427296434,
            "y":-0.1412500575223646,
            "z":-0.060017071195409034
         }
      }
   },
   {
      "head":{
         "start":{
            "x":0,
            "y":0,
            "z":0
         },
         "end":{
            "x":0,
            "y":0,
            "z":0
         }
      },
      "left_bone_0":{
         "start":{
            "x":0,
            "y":-0.135,
            "z":0
         },
         "end":{
            "x":-0.19611613513818404,
            "y":-0.135,
            "z":-0.03922322702763681
         }
      },
      "left_bone_1":{
         "start":{
            "x":-0.19611613513818404,
            "y":-0.135,
            "z":-0.03922322702763681
         },
         "end":{
            "x":-0.15185263668744187,
            "y":0.10023028685491803,
            "z":-0.02168883650346978
         }
      },
      "left_bone_2":{
         "start":{
            "x":-0.15185263668744187,
            "y":0.10023028685491803,
            "z":-0.02168883650346978
         },
         "end":{
            "x":-0.10789801133670353,
            "y":0.3356450476113605,
            "z":-0.005944589037678132
         }
      },
      "left_bone_3":{
         "start":{
            "x":-0.10789801133670353,
            "y":0.3356450476113605,
            "z":-0.005944589037678132
         },
         "end":{
            "x":-0.0987441645598081,
            "y":0.384690375361489,
            "z":-0.0026639008373556235
         }
      },
      "right_bone_0":{
         "start":{
            "x":0,
            "y":-0.135,
            "z":0
         },
         "end":{
            "x":0.19611613513818404,
            "y":-0.135,
            "z":-0.03922322702763681
         }
      },
      "right_bone_1":{
         "start":{
            "x":0.19611613513818404,
            "y":-0.135,
            "z":-0.03922322702763681
         },
         "end":{
            "x":0.13076224714041368,
            "y":0.09520545194175944,
            "z":-0.02093882876393878
         }
      },
      "right_bone_2":{
         "start":{
            "x":0.13076224714041368,
            "y":0.09520545194175944,
            "z":-0.02093882876393878
         },
         "end":{
            "x":0.06542957386747131,
            "y":0.3254235680690753,
            "z":-0.0027382570750699685
         }
      },
      "right_bone_3":{
         "start":{
            "x":0.06542957386747131,
            "y":0.3254235680690753,
            "z":-0.0027382570750699685
         },
         "end":{
            "x":0.05178785840071992,
            "y":0.37337765079370333,
            "z":0.0010445393989468974
         }
      }
   },
   {
      "head":{
         "start":{
            "x":0,
            "y":0,
            "z":0
         },
         "end":{
            "x":0,
            "y":0,
            "z":0
         }
      },
      "left_bone_0":{
         "start":{
            "x":0,
            "y":-0.135,
            "z":0
         },
         "end":{
            "x":-0.19611613513818404,
            "y":-0.135,
            "z":-0.03922322702763681
         }
      },
      "left_bone_1":{
         "start":{
            "x":-0.19611613513818404,
            "y":-0.135,
            "z":-0.03922322702763681
         },
         "end":{
            "x":-0.17541678223502916,
            "y":-0.21669770363337004,
            "z":-0.2639386515325529
         }
      },
      "left_bone_2":{
         "start":{
            "x":-0.17541678223502916,
            "y":-0.21669770363337004,
            "z":-0.2639386515325529
         },
         "end":{
            "x":-0.1545739968719434,
            "y":-0.29865034658496303,
            "z":-0.48854796258522915
         }
      },
      "left_bone_3":{
         "start":{
            "x":-0.1545739968719434,
            "y":-0.29865034658496303,
            "z":-0.48854796258522915
         },
         "end":{
            "x":-0.15021857747281997,
            "y":-0.3157169097306866,
            "z":-0.5353428634212275
         }
      },
      "right_bone_0":{
         "start":{
            "x":0,
            "y":-0.135,
            "z":0
         },
         "end":{
            "x":0.19611613513818404,
            "y":-0.135,
            "z":-0.03922322702763681
         }
      },
      "right_bone_1":{
         "start":{
            "x":0.19611613513818404,
            "y":-0.135,
            "z":-0.03922322702763681
         },
         "end":{
            "x":0.11422685829682834,
            "y":-0.2059165618258001,
            "z":-0.2533843523450193
         }
      },
      "right_bone_2":{
         "start":{
            "x":0.11422685829682834,
            "y":-0.2059165618258001,
            "z":-0.2533843523450193
         },
         "end":{
            "x":0.03233757954023547,
            "y":-0.2768331232650212,
            "z":-0.4675454770580804
         }
      },
      "right_bone_3":{
         "start":{
            "x":0.03233757954023547,
            "y":-0.2768331232650212,
            "z":-0.4675454770580804
         },
         "end":{
            "x":0.015277313132611717,
            "y":-0.29160740689819237,
            "z":-0.5121623780399688
         }
      }
   }
]}
