{ "data" : [
   {
      "head":{
         "start":{
            "x":0,
            "y":0,
            "z":0
         },
         "end":{
            "x":0,
            "y":0,
            "z":0
         }
      },
      "left_bone_0":{
         "start":{
            "x":0,
            "y":-0.135,
            "z":0
         },
         "end":{
            "x":-0.11766968108291041,
            "y":-0.135,
            "z":-0.023533936216582084
         }
      },
      "left_bone_1":{
         "start":{
            "x":-0.11766968108291041,
            "y":-0.135,
            "z":-0.023533936216582084
         },
         "end":{
            "x":-0.20456267295599395,
            "y":-0.3486584457169323,
            "z":-0.08986399378604981
         }
      },
      "left_bone_2":{
         "start":{
            "x":-0.20456267295599395,
            "y":-0.3486584457169323,
            "z":-0.08986399378604981
         },
         "end":{
            "x":-0.29142007982274165,
            "y":-0.5623092728260479,
            "z":-0.15626516055271866
         }
      },
      "left_bone_3":{
         "start":{
            "x":-0.29142007982274165,
            "y":-0.5623092728260479,
            "z":-0.15626516055271866
         },
         "end":{
            "x":-0.3095132466530321,
            "y":-0.6068210181826874,
            "z":-0.17009779729908656
         }
      }
   },
   {
      "head":{
         "start":{
            "x":0,
            "y":0,
            "z":0
         },
         "end":{
            "x":0,
            "y":0,
            "z":0
         }
      },
      "left_bone_0":{
         "start":{
            "x":0,
            "y":-0.135,
            "z":0
         },
         "end":{
            "x":-0.11766968108291041,
            "y":-0.135,
            "z":-0.023533936216582084
         }
      },
      "left_bone_1":{
         "start":{
            "x":-0.11766968108291041,
            "y":-0.135,
            "z":-0.023533936216582084
         },
         "end":{
            "x":-0.3414991997246452,
            "y":-0.1708921669711104,
            "z":-0.10235080582409109
         }
      },
      "left_bone_2":{
         "start":{
            "x":-0.3414991997246452,
            "y":-0.1708921669711104,
            "z":-0.10235080582409109
         },
         "end":{
            "x":-0.5653287184608881,
            "y":-0.2067843335023128,
            "z":-0.1811676753635461
         }
      },
      "left_bone_3":{
         "start":{
            "x":-0.5653287184608881,
            "y":-0.2067843335023128,
            "z":-0.1811676753635461
         },
         "end":{
            "x":-0.6119598681980958,
            "y":-0.21426186819665824,
            "z":-0.19758785651605057
         }
      }
   },
   {
      "head":{
         "start":{
            "x":0,
            "y":0,
            "z":0
         },
         "end":{
            "x":0,
            "y":0,
            "z":0
         }
      },
      "left_bone_0":{
         "start":{
            "x":0,
            "y":-0.135,
            "z":0
         },
         "end":{
            "x":-0.11766968108291041,
            "y":-0.135,
            "z":-0.023533936216582084
         }
      },
      "left_bone_1":{
         "start":{
            "x":-0.11766968108291041,
            "y":-0.135,
            "z":-0.023533936216582084
         },
         "end":{
            "x":-0.1493043544995563,
            "y":0.09990619263821723,
            "z":-0.0611946332101138
         }
      },
      "left_bone_2":{
         "start":{
            "x":-0.1493043544995563,
            "y":0.09990619263821723,
            "z":-0.0611946332101138
         },
         "end":{
            "x":-0.18081451718600572,
            "y":0.33470029005078383,
            "z":-0.09965034107894782
         }
      },
      "left_bone_3":{
         "start":{
            "x":-0.18081451718600572,
            "y":0.33470029005078383,
            "z":-0.09965034107894782
         },
         "end":{
            "x":-0.18735907578344593,
            "y":0.38361885513297905,
            "z":-0.107659257551467
         }
      }
   }
] }
