{
    "data":{
        "attributes":{
            "position":{
                "array":[0.997273,-2.0051,-0.936225,-1.00273,-2.0051,1.06377,-1.00273,-2.0051,-0.936226,-1.00273,-0.00510041,-0.936225,0.997273,-0.00510032,1.06378,0.997274,-0.00510041,-0.936225,0.997274,-0.00510041,-0.936225,0.997273,-2.0051,1.06377,0.997273,-2.0051,-0.936225,0.997273,-0.00510032,1.06378,-1.00273,-2.0051,1.06377,0.997273,-2.0051,1.06377,-1.00273,-2.0051,1.06377,-1.00273,-0.00510041,-0.936225,-1.00273,-2.0051,-0.936226,0.997273,-2.0051,-0.936225,-1.00273,-0.00510041,-0.936225,0.997274,-0.00510041,-0.936225,0.997273,-2.0051,1.06377,-1.00273,-0.00510041,-0.936225,-1.00273,-0.00510032,1.06377,0.997273,-0.00510032,1.06378,0.997274,-0.00510041,-0.936225,0.997273,-0.00510032,1.06378,0.997273,-2.0051,1.06377,0.997273,-0.00510032,1.06378,-1.00273,-0.00510032,1.06377,-1.00273,-2.0051,1.06377,-1.00273,-2.0051,1.06377,-1.00273,-0.00510032,1.06377,-1.00273,-0.00510041,-0.936225,0.997273,-2.0051,-0.936225,-1.00273,-2.0051,-0.936226,-1.00273,-0.00510041,-0.936225],
                "type":"Float32Array",
                "itemSize":3
            },
            "normal":{
                "array":[0,-1,0,0,-1,0,0,-1,0,1.06581e-14,1,-4.37722e-08,1.06581e-14,1,-4.37722e-08,1.06581e-14,1,-4.37722e-08,1,-2.38419e-07,0,1,-2.38419e-07,0,1,-2.38419e-07,0,-1.19209e-07,-2.38419e-07,1,-1.19209e-07,-2.38419e-07,1,-1.19209e-07,-2.38419e-07,1,-1,-1.19209e-07,-2.38419e-07,-1,-1.19209e-07,-2.38419e-07,-1,-1.19209e-07,-2.38419e-07,2.38419e-07,2.08616e-07,-1,2.38419e-07,2.08616e-07,-1,2.38419e-07,2.08616e-07,-1,0,-1,0,2.08722e-14,1,-4.37722e-08,2.08722e-14,1,-4.37722e-08,2.08722e-14,1,-4.37722e-08,1,3.27825e-07,5.66244e-07,1,3.27825e-07,5.66244e-07,1,3.27825e-07,5.66244e-07,-4.76837e-07,1.19209e-07,1,-4.76837e-07,1.19209e-07,1,-4.76837e-07,1.19209e-07,1,-1,-1.19209e-07,-2.38419e-07,-1,-1.19209e-07,-2.38419e-07,-1,-1.19209e-07,-2.38419e-07,1.78814e-07,1.49012e-07,-1,1.78814e-07,1.49012e-07,-1,1.78814e-07,1.49012e-07,-1],
                "type":"Float32Array",
                "itemSize":3
            }
        },
        "index":{
            "array":[0,1,2,3,4,5,6,7,8,9,10,11,12,13,14,15,16,17,0,18,1,19,20,21,22,23,24,25,26,27,28,29,30,31,32,33],
            "type":"Uint16Array",
            "itemSize":1
        },
        "groups":[{
            "start":0,
            "materialIndex":0,
            "count":36
        }]
    },
    "metadata":{
        "position":34,
        "generator":"io_three",
        "type":"BufferGeometry",
        "version":3,
        "normal":34
    }
}